USE UNIVERSIDADE;
SET SQL_SAFE_UPDATES = 0;

INSERT INTO Curso (Codigo, Nome, Telefone) VALUES (1, 'Sistemas de Informação', '(83) 0000-0000');

INSERT INTO Turmas (Num_turma, Semestre, Ano, Cod_Curso)
VALUES
    (1, 1, 2024, 1),
    (2, 2, 2024, 1),
    (3, 1, 2024, 1),
    (4, 2, 2024, 1),
    (5, 1, 2024, 1),
    (6, 2, 2024, 1),
    (7, 1, 2024, 1),
    (8, 2, 2024, 1),
    (9, 1, 2024, 1),
    (10, 2, 2024, 1),
    (11, 1, 2024, 1),
    (12, 2, 2024, 1),
    (13, 1, 2024, 1),
    (14, 2, 2024, 1),
    (15, 1, 2024, 1),
    (16, 2, 2024, 1),
    (17, 1, 2024, 1),
    (18, 2, 2024, 1),
    (19, 1, 2024, 1),
    (20, 2, 2024, 1);
    
INSERT INTO Professores (ID, Nome, Email, IDCurso, IDTurma)
VALUES
    (1, 'Professor 1', 'prof1@example.com', 1, 1),
    (2, 'Professor 2', 'prof2@example.com', 1, 2),
    (3, 'Professor 3', 'prof3@example.com', 1, 3),
    (4, 'Professor 4', 'prof4@example.com', 1, 4),
    (5, 'Professor 5', 'prof5@example.com', 1, 5),
    (6, 'Professor 6', 'prof6@example.com', 1, 6),
    (7, 'Professor 7', 'prof7@example.com', 1, 7),
    (8, 'Professor 8', 'prof8@example.com', 1, 8),
    (9, 'Professor 9', 'prof9@example.com', 1, 9),
    (10, 'Professor 10', 'prof10@example.com', 1, 10),
    (11, 'Professor 11', 'prof11@example.com', 1, 11),
    (12, 'Professor 12', 'prof12@example.com', 1, 12),
    (13, 'Professor 13', 'prof13@example.com', 1, 13),
    (14, 'Professor 14', 'prof14@example.com', 1, 14),
    (15, 'Professor 15', 'prof15@example.com', 1, 15),
    (16, 'Professor 16', 'prof16@example.com', 1, 16),
    (17, 'Professor 17', 'prof17@example.com', 1, 17),
    (18, 'Professor 18', 'prof18@example.com', 1, 18),
    (19, 'Professor 19', 'prof19@example.com', 1, 19),
    (20, 'Professor 20', 'prof20@example.com', 1, 20);
    
INSERT INTO Disciplina (Numero, Nome, Descricao, ID_Professor, Horas, Nivel, Status, Codigo_curso)
VALUES
    (1, 'Lógica de Programação', 'Introdução à lógica de programação e algoritmos.', 1, 60, 'Básico', 'Não Cursada', 1),
    (2, 'Matemática Discreta', 'Estudo de estruturas matemáticas que são fundamentalmente discretas.', 2, 45, 'Básico', 'Não Cursada', 1),
    (3, 'Estruturas de Dados', 'Análise e implementação de estruturas de dados.', 3, 60, 'Médio', 'Não Cursada', 1),
    (4, 'Banco de Dados', 'Conceitos e técnicas de gerenciamento de banco de dados.', 4, 60, 'Médio', 'Não Cursada', 1),
    (5, 'Engenharia de Software', 'Estudo de métodos e técnicas para o desenvolvimento de software.', 5, 60, 'Avançado', 'Não Cursada', 1),
    (6, 'Redes de Computadores', 'Fundamentos de redes de computadores e comunicação de dados.', 6, 45, 'Médio', 'Não Cursada', 1),
    (7, 'Sistemas Operacionais', 'Conceitos e funcionamento de sistemas operacionais.', 7, 60, 'Avançado', 'Não Cursada', 1),
    (8, 'Inteligência Artificial', 'Introdução à inteligência artificial e aprendizado de máquina.', 8, 60, 'Avançado', 'Não Cursada', 1),
    (9, 'Algoritmos Avançados', 'Estudo de algoritmos avançados e suas aplicações.', 9, 60, 'Avançado', 'Não Cursada', 1),
    (10, 'Projeto de Sistemas', 'Desenvolvimento de projetos de sistemas de informação.', 10, 60, 'Avançado', 'Não Cursada', 1);  
    

UPDATE Disciplina SET status = 'Cursando' WHERE Numero IN (1, 3, 5);
UPDATE Disciplina SET status = 'Cursada' WHERE Numero IN (2, 4, 6);
UPDATE Disciplina SET Horas = 80 WHERE Numero IN (3, 4, 5);


INSERT INTO Alunos (Matricula, Nome, CPF, Endereco, Telefone, Sexo, Programa_de_Formacao, Periodo, cod_curso, cod_turma)
VALUES
    (1, 'Aluno 1', '11111111111', 'Endereco 1', '(00) 0000-0001', 'M', 'Graduado', 'Novato', 1, 1),
    (2, 'Aluno 2', '22222222222', 'Endereco 2', '(00) 0000-0002', 'F', 'Graduado', 'Novato', 1, 2),
    (3, 'Aluno 3', '33333333333', 'Endereco 3', '(00) 0000-0003', 'M', 'Graduado', 'Novato', 1, 3),
    (4, 'Aluno 4', '44444444444', 'Endereco 4', '(00) 0000-0004', 'F', 'Mestrado', 'Veterano', 1, 4),
    (5, 'Aluno 5', '55555555555', 'Endereco 5', '(00) 0000-0005', 'M', 'Mestrado', 'Veterano', 1, 5),
    (6, 'Aluno 6', '66666666666', 'Endereco 6', '(00) 0000-0006', 'F', 'Doutorado', 'Formando', 1, 6),
    (7, 'Aluno 7', '77777777777', 'Endereco 7', '(00) 0000-0007', 'M', 'Doutorado', 'Formando', 1, 7),
    (8, 'Aluno 8', '88888888888', 'Endereco 8', '(00) 0000-0008', 'F', 'Graduado', 'Novato', 1, 8),
    (9, 'Aluno 9', '99999999999', 'Endereco 9', '(00) 0000-0009', 'M', 'Graduado', 'Novato', 1, 9),
    (10, 'Aluno 10', '10101010101', 'Endereco 10', '(00) 0000-0010', 'F', 'Mestrado', 'Veterano', 1, 10),
    (11, 'Aluno 11', '11111111112', 'Endereco 11', '(00) 0000-0011', 'M', 'Mestrado', 'Veterano', 1, 11),
    (12, 'Aluno 12', '12121212121', 'Endereco 12', '(00) 0000-0012', 'F', 'Doutorado', 'Formando', 1, 12),
    (13, 'Aluno 13', '13131313131', 'Endereco 13', '(00) 0000-0013', 'M', 'Doutorado', 'Formando', 1, 13),
    (14, 'Aluno 14', '14141414141', 'Endereco 14', '(00) 0000-0014', 'F', 'Graduado', 'Novato', 1, 14),
    (15, 'Aluno 15', '15151515151', 'Endereco 15', '(00) 0000-0015', 'M', 'Graduado', 'Novato', 1, 15),
    (16, 'Aluno 16', '16161616161', 'Endereco 16', '(00) 0000-0016', 'F', 'Mestrado', 'Veterano', 1, 16),
    (17, 'Aluno 17', '17171717171', 'Endereco 17', '(00) 0000-0017', 'M', 'Mestrado', 'Veterano', 1, 17),
    (18, 'Aluno 18', '18181818181', 'Endereco 18', '(00) 0000-0018', 'F', 'Doutorado', 'Formando', 1, 18),
    (19, 'Aluno 19', '19191919191', 'Endereco 19', '(00) 0000-0019', 'M', 'Doutorado', 'Formando', 1, 19),
    (20, 'Aluno 20', '20202020202', 'Endereco 20', '(00) 0000-0020', 'F', 'Graduado', 'Novato', 1, 20);
    
INSERT INTO Alunos (Matricula, Nome, CPF, Endereco, Telefone, Sexo, Programa_de_Formacao, Periodo, cod_curso, cod_turma)
VALUES
    (21, 'Aluno 21', '21212121212', 'Endereco 21', '(00) 0000-0021', 'M', 'Graduado', 'Novato', 1, 1),
    (22, 'Aluno 22', '22222222223', 'Endereco 22', '(00) 0000-0022', 'F', 'Graduado', 'Novato', 1, 2),
    (23, 'Aluno 23', '23232323232', 'Endereco 23', '(00) 0000-0023', 'M', 'Graduado', 'Novato', 1, 3),
    (24, 'Aluno 24', '24242424242', 'Endereco 24', '(00) 0000-0024', 'F', 'Mestrado', 'Veterano', 1, 4),
    (25, 'Aluno 25', '25252525252', 'Endereco 25', '(00) 0000-0025', 'M', 'Mestrado', 'Veterano', 1, 5),
    (26, 'Aluno 26', '26262626262', 'Endereco 26', '(00) 0000-0026', 'F', 'Doutorado', 'Formando', 1, 6),
    (27, 'Aluno 27', '27272727272', 'Endereco 27', '(00) 0000-0027', 'M', 'Doutorado', 'Formando', 1, 7),
    (28, 'Aluno 28', '28282828282', 'Endereco 28', '(00) 0000-0028', 'F', 'Graduado', 'Novato', 1, 8),
    (29, 'Aluno 29', '29292929292', 'Endereco 29', '(00) 0000-0029', 'M', 'Graduado', 'Novato', 1, 9),
    (30, 'Aluno 30', '30303030303', 'Endereco 30', '(00) 0000-0030', 'F', 'Mestrado', 'Veterano', 1, 10),
    (31, 'Aluno 31', '31313131313', 'Endereco 31', '(00) 0000-0031', 'M', 'Mestrado', 'Veterano', 1, 11),
    (32, 'Aluno 32', '32323232323', 'Endereco 32', '(00) 0000-0032', 'F', 'Doutorado', 'Formando', 1, 12),
    (33, 'Aluno 33', '33333333334', 'Endereco 33', '(00) 0000-0033', 'M', 'Doutorado', 'Formando', 1, 13),
    (34, 'Aluno 34', '34343434343', 'Endereco 34', '(00) 0000-0034', 'F', 'Graduado', 'Novato', 1, 14),
    (35, 'Aluno 35', '35353535353', 'Endereco 35', '(00) 0000-0035', 'M', 'Graduado', 'Novato', 1, 15),
    (36, 'Aluno 36', '36363636363', 'Endereco 36', '(00) 0000-0036', 'F', 'Mestrado', 'Veterano', 1, 16),
    (37, 'Aluno 37', '37373737373', 'Endereco 37', '(00) 0000-0037', 'M', 'Mestrado', 'Veterano', 1, 17),
    (38, 'Aluno 38', '38383838383', 'Endereco 38', '(00) 0000-0038', 'F', 'Doutorado', 'Formando', 1, 18),
    (39, 'Aluno 39', '39393939393', 'Endereco 39', '(00) 0000-0039', 'M', 'Doutorado', 'Formando', 1, 19),
    (40, 'Aluno 40', '40404040404', 'Endereco 40', '(00) 0000-0040', 'F', 'Graduado', 'Novato', 1, 20);
    
INSERT INTO Alunos (Matricula, Nome, CPF, Endereco, Telefone, Sexo, Programa_de_Formacao, Periodo, cod_curso, cod_turma)
VALUES
    (41, 'Aluno 41', '41414141414', 'Endereco 41', '(00) 0000-0041', 'M', 'Graduado', 'Novato', 1, 1),
    (42, 'Aluno 42', '42424242424', 'Endereco 42', '(00) 0000-0042', 'F', 'Graduado', 'Novato', 1, 2),
    (43, 'Aluno 43', '43434343434', 'Endereco 43', '(00) 0000-0043', 'M', 'Graduado', 'Novato', 1, 3),
    (44, 'Aluno 44', '44444444445', 'Endereco 44', '(00) 0000-0044', 'F', 'Mestrado', 'Veterano', 1, 4),
    (45, 'Aluno 45', '45454545454', 'Endereco 45', '(00) 0000-0045', 'M', 'Mestrado', 'Veterano', 1, 5),
    (46, 'Aluno 46', '46464646464', 'Endereco 46', '(00) 0000-0046', 'F', 'Doutorado', 'Formando', 1, 6),
    (47, 'Aluno 47', '47474747474', 'Endereco 47', '(00) 0000-0047', 'M', 'Doutorado', 'Formando', 1, 7),
    (48, 'Aluno 48', '48484848484', 'Endereco 48', '(00) 0000-0048', 'F', 'Graduado', 'Novato', 1, 8),
    (49, 'Aluno 49', '49494949494', 'Endereco 49', '(00) 0000-0049', 'M', 'Graduado', 'Novato', 1, 9),
    (50, 'Aluno 50', '50505050505', 'Endereco 50', '(00) 0000-0050', 'F', 'Mestrado', 'Veterano', 1, 10),
    (51, 'Aluno 51', '51515151515', 'Endereco 51', '(00) 0000-0051', 'M', 'Mestrado', 'Veterano', 1, 11),
    (52, 'Aluno 52', '52525252525', 'Endereco 52', '(00) 0000-0052', 'F', 'Doutorado', 'Formando', 1, 12),
    (53, 'Aluno 53', '53535353535', 'Endereco 53', '(00) 0000-0053', 'M', 'Doutorado', 'Formando', 1, 13),
    (54, 'Aluno 54', '54545454545', 'Endereco 54', '(00) 0000-0054', 'F', 'Graduado', 'Novato', 1, 14),
    (55, 'Aluno 55', '55555555556', 'Endereco 55', '(00) 0000-0055', 'M', 'Graduado', 'Novato', 1, 15),
    (56, 'Aluno 56', '56565656565', 'Endereco 56', '(00) 0000-0056', 'F', 'Mestrado', 'Veterano', 1, 16),
    (57, 'Aluno 57', '57575757575', 'Endereco 57', '(00) 0000-0057', 'M', 'Mestrado', 'Veterano', 1, 17),
    (58, 'Aluno 58', '58585858585', 'Endereco 58', '(00) 0000-0058', 'F', 'Doutorado', 'Formando', 1, 18),
    (59, 'Aluno 59', '59595959595', 'Endereco 59', '(00) 0000-0059', 'M', 'Doutorado', 'Formando', 1, 19),
    (60, 'Aluno 60', '60606060606', 'Endereco 60', '(00) 0000-0060', 'F', 'Graduado', 'Novato', 1, 20);
    
INSERT INTO Alunos (Matricula, Nome, CPF, Endereco, Telefone, Sexo, Programa_de_Formacao, Periodo, cod_curso, cod_turma)
VALUES
    (61, 'Aluno 61', '61616161616', 'Endereco 61', '(00) 0000-0061', 'M', 'Graduado', 'Novato', 1, 1),
    (62, 'Aluno 62', '62626262626', 'Endereco 62', '(00) 0000-0062', 'F', 'Graduado', 'Novato', 1, 2),
    (63, 'Aluno 63', '63636363636', 'Endereco 63', '(00) 0000-0063', 'M', 'Graduado', 'Novato', 1, 3),
    (64, 'Aluno 64', '64646464646', 'Endereco 64', '(00) 0000-0064', 'F', 'Mestrado', 'Veterano', 1, 4),
    (65, 'Aluno 65', '65656565656', 'Endereco 65', '(00) 0000-0065', 'M', 'Mestrado', 'Veterano', 1, 5),
    (66, 'Aluno 66', '66666666667', 'Endereco 66', '(00) 0000-0066', 'F', 'Doutorado', 'Formando', 1, 6),
    (67, 'Aluno 67', '67676767676', 'Endereco 67', '(00) 0000-0067', 'M', 'Doutorado', 'Formando', 1, 7),
    (68, 'Aluno 68', '68686868686', 'Endereco 68', '(00) 0000-0068', 'F', 'Graduado', 'Novato', 1, 8),
    (69, 'Aluno 69', '69696969696', 'Endereco 69', '(00) 0000-0069', 'M', 'Graduado', 'Novato', 1, 9),
    (70, 'Aluno 70', '70707070707', 'Endereco 70', '(00) 0000-0070', 'F', 'Mestrado', 'Veterano', 1, 10),
    (71, 'Aluno 71', '71717171717', 'Endereco 71', '(00) 0000-0071', 'M', 'Mestrado', 'Veterano', 1, 11),
    (72, 'Aluno 72', '72727272727', 'Endereco 72', '(00) 0000-0072', 'F', 'Doutorado', 'Formando', 1, 12),
    (73, 'Aluno 73', '73737373737', 'Endereco 73', '(00) 0000-0073', 'M', 'Doutorado', 'Formando', 1, 13),
    (74, 'Aluno 74', '74747474747', 'Endereco 74', '(00) 0000-0074', 'F', 'Graduado', 'Novato', 1, 14),
    (75, 'Aluno 75', '75757575757', 'Endereco 75', '(00) 0000-0075', 'M', 'Graduado', 'Novato', 1, 15),
    (76, 'Aluno 76', '76767676767', 'Endereco 76', '(00) 0000-0076', 'F', 'Mestrado', 'Veterano', 1, 16),
    (77, 'Aluno 77', '77757777777', 'Endereco 77', '(00) 0000-0077', 'M', 'Mestrado', 'Veterano', 1, 17),
    (78, 'Aluno 78', '78787878787', 'Endereco 78', '(00) 0000-0078', 'F', 'Doutorado', 'Formando', 1, 18),
    (79, 'Aluno 79', '79797979797', 'Endereco 79', '(00) 0000-0079', 'M', 'Doutorado', 'Formando', 1, 19),
    (80, 'Aluno 80', '80808080808', 'Endereco 80', '(00) 0000-0080', 'F', 'Graduado', 'Novato', 1, 20); 
    
INSERT INTO Alunos (Matricula, Nome, CPF, Endereco, Telefone, Sexo, Programa_de_Formacao, Periodo, cod_curso, cod_turma)
VALUES
    (81, 'Aluno 81', '81818181818', 'Endereco 81', '(00) 0000-0081', 'M', 'Graduado', 'Novato', 1, 1),
    (82, 'Aluno 82', '82828282828', 'Endereco 82', '(00) 0000-0082', 'F', 'Graduado', 'Novato', 1, 2),
    (83, 'Aluno 83', '83838383838', 'Endereco 83', '(00) 0000-0083', 'M', 'Graduado', 'Novato', 1, 3),
    (84, 'Aluno 84', '84848484848', 'Endereco 84', '(00) 0000-0084', 'F', 'Mestrado', 'Veterano', 1, 4),
    (85, 'Aluno 85', '85858585858', 'Endereco 85', '(00) 0000-0085', 'M', 'Mestrado', 'Veterano', 1, 5),
    (86, 'Aluno 86', '86868686868', 'Endereco 86', '(00) 0000-0086', 'F', 'Doutorado', 'Formando', 1, 6),
    (87, 'Aluno 87', '87878787878', 'Endereco 87', '(00) 0000-0087', 'M', 'Doutorado', 'Formando', 1, 7),
    (88, 'Aluno 88', '88878888888', 'Endereco 88', '(00) 0000-0088', 'F', 'Graduado', 'Novato', 1, 8),
    (89, 'Aluno 89', '89898989898', 'Endereco 89', '(00) 0000-0089', 'M', 'Graduado', 'Novato', 1, 9),
    (90, 'Aluno 90', '90909090909', 'Endereco 90', '(00) 0000-0090', 'F', 'Mestrado', 'Veterano', 1, 10),
    (91, 'Aluno 91', '91919191919', 'Endereco 91', '(00) 0000-0091', 'M', 'Mestrado', 'Veterano', 1, 11),
    (92, 'Aluno 92', '92929292929', 'Endereco 92', '(00) 0000-0092', 'F', 'Doutorado', 'Formando', 1, 12),
    (93, 'Aluno 93', '93939393939', 'Endereco 93', '(00) 0000-0093', 'M', 'Doutorado', 'Formando', 1, 13),
    (94, 'Aluno 94', '94949494949', 'Endereco 94', '(00) 0000-0094', 'F', 'Graduado', 'Novato', 1, 14),
    (95, 'Aluno 95', '95959595959', 'Endereco 95', '(00) 0000-0095', 'M', 'Graduado', 'Novato', 1, 15),
    (96, 'Aluno 96', '96969696969', 'Endereco 96', '(00) 0000-0096', 'F', 'Mestrado', 'Veterano', 1, 16),
    (97, 'Aluno 97', '97979797979', 'Endereco 97', '(00) 0000-0097', 'M', 'Mestrado', 'Veterano', 1, 17),
    (98, 'Aluno 98', '98989898989', 'Endereco 98', '(00) 0000-0098', 'F', 'Doutorado', 'Formando', 1, 18),
    (99, 'Aluno 99', '99999599999', 'Endereco 99', '(00) 0000-0099', 'M', 'Doutorado', 'Formando', 1, 19),
    (100, 'Aluno 100', '10101010100', 'Endereco 100', '(00) 0000-0100', 'F', 'Graduado', 'Novato', 1, 20);


INSERT INTO Avaliacao (ID, Numero_Disciplina, Nota, Matricula_Aluno)
VALUES
    (1, 1, 8.5, 1),
    (2, 3, 7.0, 1),
    (3, 2, 9.0, 2),
    (4, 4, 8.0, 2),
    (5, 3, 6.5, 3),
    (6, 5, 7.5, 3),
    (7, 1, 8.0, 4),
    (8, 6, 7.0, 4),
    (9, 2, 9.5, 5),
    (10, 4, 8.5, 5),
    (11, 3, 7.0, 6),
    (12, 5, 7.5, 6),
    (13, 1, 8.0, 7),
    (14, 6, 8.5, 7),
    (15, 2, 9.0, 8),
    (16, 4, 8.0, 8),
    (17, 3, 6.5, 9),
    (18, 5, 7.0, 9),
    (19, 1, 8.5, 10),
    (20, 6, 7.5, 10),
    (21, 2, 9.0, 11),
    (22, 4, 8.0, 11),
    (23, 3, 7.5, 12),
    (24, 5, 7.0, 12),
    (25, 1, 8.0, 13),
    (26, 6, 8.5, 13),
    (27, 2, 9.5, 14),
    (28, 4, 8.0, 14),
    (29, 3, 7.0, 15),
    (30, 5, 7.5, 15),
    (31, 1, 8.0, 16),
    (32, 6, 7.5, 16),
    (33, 2, 9.0, 17),
    (34, 4, 8.0, 17),
    (35, 3, 7.5, 18),
    (36, 5, 7.0, 18),
    (37, 1, 8.5, 19),
    (38, 6, 7.0, 19),
    (39, 2, 9.0, 20),
    (40, 4, 8.5, 20);
    
INSERT INTO Avaliacao (ID, Numero_Disciplina, Nota, Matricula_Aluno)
VALUES
    (41, 3, 7.5, 21),
    (42, 5, 7.0, 21),
    (43, 1, 8.0, 22),
    (44, 6, 8.5, 22),
    (45, 2, 9.0, 23),
    (46, 4, 8.0, 23),
    (47, 3, 7.5, 24),
    (48, 5, 7.0, 24),
    (49, 1, 8.0, 25),
    (50, 6, 8.5, 25),
    (51, 2, 9.5, 26),
    (52, 4, 8.0, 26),
    (53, 3, 7.0, 27),
    (54, 5, 7.5, 27),
    (55, 1, 8.0, 28),
    (56, 6, 7.5, 28),
    (57, 2, 9.0, 29),
    (58, 4, 8.0, 29),
    (59, 3, 7.5, 30),
    (60, 5, 7.0, 30),
    (61, 1, 8.5, 31),
    (62, 6, 7.0, 31),
    (63, 2, 9.0, 32),
    (64, 4, 8.5, 32),
    (65, 3, 7.5, 33),
    (66, 5, 7.0, 33),
    (67, 1, 8.0, 34),
    (68, 6, 8.5, 34),
    (69, 2, 9.0, 35),
    (70, 4, 8.0, 35),
    (71, 3, 7.5, 36),
    (72, 5, 7.0, 36),
    (73, 1, 8.0, 37),
    (74, 6, 8.5, 37),
    (75, 2, 9.5, 38),
    (76, 4, 8.0, 38),
    (77, 3, 7.0, 39),
    (78, 5, 7.5, 39),
    (79, 1, 8.0, 40),
    (80, 6, 7.5, 40),
    (81, 2, 9.0, 41),
    (82, 4, 8.0, 41),
    (83, 3, 7.5, 42),
    (84, 5, 7.0, 42),
    (85, 1, 8.5, 43),
    (86, 6, 7.0, 43),
    (87, 2, 9.0, 44),
    (88, 4, 8.5, 44),
    (89, 3, 7.5, 45),
    (90, 5, 7.0, 45),
    (91, 1, 8.0, 46),
    (92, 6, 8.5, 46),
    (93, 2, 9.0, 47),
    (94, 4, 8.0, 47),
    (95, 3, 7.5, 48),
    (96, 5, 7.0, 48),
    (97, 1, 8.0, 49),
    (98, 6, 8.5, 49),
    (99, 2, 9.5, 50),
    (100, 4, 8.0, 50);
    
INSERT INTO Avaliacao (ID, Numero_Disciplina, Nota, Matricula_Aluno)
VALUES
    (101, 1, 8.0, 51),
    (102, 6, 8.5, 51),
    (103, 2, 9.0, 52),
    (104, 4, 8.0, 52),
    (105, 3, 7.5, 53),
    (106, 5, 7.0, 53),
    (107, 1, 8.0, 54),
    (108, 6, 8.5, 54),
    (109, 2, 9.5, 55),
    (110, 4, 8.0, 55),
    (111, 3, 7.0, 56),
    (112, 5, 7.5, 56),
    (113, 1, 8.0, 57),
    (114, 6, 7.5, 57),
    (115, 2, 9.0, 58),
    (116, 4, 8.0, 58),
    (117, 3, 7.5, 59),
    (118, 5, 7.0, 59),
    (119, 1, 8.5, 60),
    (120, 6, 7.0, 60),
    (121, 2, 9.0, 61),
    (122, 4, 8.5, 61),
    (123, 3, 7.5, 62),
    (124, 5, 7.0, 62),
    (125, 1, 8.0, 63),
    (126, 6, 8.5, 63),
    (127, 2, 9.0, 64),
    (128, 4, 8.0, 64),
    (129, 3, 7.5, 65),
    (130, 5, 7.0, 65),
    (131, 1, 8.0, 66),
    (132, 6, 8.5, 66),
    (133, 2, 9.5, 67),
    (134, 4, 8.0, 67),
    (135, 3, 7.0, 68),
    (136, 5, 7.5, 68),
    (137, 1, 8.0, 69),
    (138, 6, 7.5, 69),
    (139, 2, 9.0, 70),
    (140, 4, 8.0, 70),
    (141, 3, 7.5, 71),
    (142, 5, 7.0, 71),
    (143, 1, 8.5, 72),
    (144, 6, 7.0, 72),
    (145, 2, 9.0, 73),
    (146, 4, 8.5, 73),
    (147, 3, 7.5, 74),
    (148, 5, 7.0, 74),
    (149, 1, 8.0, 75),
    (150, 6, 8.5, 75),
    (151, 2, 9.0, 76),
    (152, 4, 8.0, 76),
    (153, 3, 7.5, 77),
    (154, 5, 7.0, 77),
    (155, 1, 8.0, 78),
    (156, 6, 8.5, 78),
    (157, 2, 9.5, 79),
    (158, 4, 8.0, 79),
    (159, 3, 7.0, 80),
    (160, 5, 7.5, 80),
    (161, 1, 8.0, 81),
    (162, 6, 7.5, 81),
    (163, 2, 9.0, 82),
    (164, 4, 8.0, 82),
    (165, 3, 7.5, 83),
    (166, 5, 7.0, 83),
    (167, 1, 8.5, 84),
    (168, 6, 7.0, 84),
    (169, 2, 9.0, 85),
    (170, 4, 8.5, 85),
    (171, 3, 7.5, 86),
    (172, 5, 7.0, 86),
    (173, 1, 8.0, 87),
    (174, 6, 8.5, 87),
    (175, 2, 9.0, 88),
    (176, 4, 8.0, 88),
    (177, 3, 7.5, 89),
    (178, 5, 7.0, 89),
    (179, 1, 8.0, 90),
    (180, 6, 8.5, 90),
    (181, 2, 9.5, 91),
    (182, 4, 8.0, 91),
    (183, 3, 7.0, 92),
    (184, 5, 7.5, 92),
    (185, 1, 8.0, 93),
    (186, 6, 7.5, 93),
    (187, 2, 9.0, 94),
    (188, 4, 8.0, 94),
    (189, 3, 7.5, 95),
    (190, 5, 7.0, 95),
    (191, 1, 8.5, 96),
    (192, 6, 7.0, 96),
    (193, 2, 9.0, 97),
    (194, 4, 8.5, 97),
    (195, 3, 7.5, 98),
    (196, 5, 7.0, 98),
    (197, 1, 8.0, 99),
    (198, 6, 8.5, 99),
    (199, 2, 9.0, 100),
    (200, 4, 8.0, 100);